Family,Binomial,Common Name,Mass.M,Mass.F,SSD,Length.M,Length.F,Litter.Size,Social.Class,Diet
Ailuridae,Ailurusfulgens,Red panda,5,4.9,1.02,592,592,2,Solitary,Frugivorous/Herbivorous
Mephitidae,Conepatushumboldtii,Humboldt's hognosed skunk,2.24,1.53,1.46,377,338,,A,A
Mephitidae,Conepatusleuconotus,American hognosed skunk,3,2.7,1.11,390,365,3,Solitary,Insectivorous
Mephitidae,Mephitismacroura,Hooded skunk,0.81,0.72,1.13,315,296,5.5,Solitary,Omnivorous
Mephitidae,Mephitismephitis,Striped skunk,2.6,2.05,1.27,430,411,6.8,Solitary,Insectivorous
Mephitidae,Spilogalegracilis,Western spotted skunk,0.56,0.43,1.3,290,230,3.8,A,Omnivorous
Mephitidae,Spilogaleputorius,Eastern spotted skunk,0.4,0.28,1.43,279,261,5.5,A,Omnivorous
Mephitidae,Spilogalepygmaea,Pygmy spotted skunk,0.24,0.22,1.09,,,3.5,Solitary,Omnivorous
Mustelidae,Aonyxcapensis,African clawless otter,14.3,12.2,1.17,1255,1235,3,Solitary,Omnivorous
Mustelidae,Aonyxcinereus,Oriental smallclawed otter,2.5,3.7,0.68,550,550,3.5,Groups,Piscivorous
Mustelidae,Eirabarbara,Tayra,4.84,4.4,1.1,636,636,3.5,Solitary,Omnivorous
Mustelidae,Enhydralutris,Sea otter,32,24,1.33,1315,1233,1,Variable Groups,Piscivorous
Mustelidae,Galictiscuja,Lesser grison,1,1,1,409,409,,Variable Groups,Carnivorous
Mustelidae,Galictisvittata,Greater grison,3.38,1.8,1.88,519,519,2,Variable Groups,Carnivorous
Mustelidae,Gulogulo,Wolverine,14.6,10,1.46,797,698,2.8,Solitary,Carnivorous
Mustelidae,Hydrictismaculicollis,Spottednecked otter,5.75,4.3,1.34,698,588,1.5,Variable Groups,Piscivorous
Mustelidae,Ictonyxlibyca,Saharan striped polecat,0.42,0.39,1.08,256,256,2.5,Solitary,Carnivorous
Mustelidae,Ictonyxstriatus,Zorilla,0.91,0.64,1.42,353,331,2.3,Solitary,Carnivorous
Mustelidae,Lontracanadensis,North american river otter,8.8,7.9,1.11,685,620,3,Variable Groups,Piscivorous
Mustelidae,Lontrafelina,Marine otter,4,4,1,560,560,2,Solitary,Piscivorous
Mustelidae,Lontralongicaudis,Neotropical river otter,8.6,7.9,1.09,560,560,2.5,Solitary,Piscivorous
Mustelidae,Lontraprovocax,Southern river otter,12.5,9.4,1.33,790,710,2,Solitary,Piscivorous
Mustelidae,Lutralutra,European otter,10,7,1.43,1200,1000,2.5,Variable Groups,Piscivorous
Mustelidae,Lutrogaleperspicillata,Smoothcoated otter,10.29,7.3,1.41,670,670,1.5,Pairs,Piscivorous
Mustelidae,Martesamericana,American marten,0.8,0.55,1.45,405,360,2.6,Solitary,Carnivorous
Mustelidae,Martesflavigula,yellowthroated marten,2.83,2.36,1.2,580,540,2.5,Variable Groups,Carnivorous
Mustelidae,Martesfoina,Beech marten,1.72,1.28,1.34,448,420,3.5,Solitary,Omnivorous
Mustelidae,Martesmartes,pine marten,1.92,1.34,1.43,492,442,3.3,Solitary,Carnivorous
Mustelidae,Martesmelampus,Japanese marten,1.56,1.01,1.54,465,424,3,Solitary,A
Mustelidae,Martespennanti,Fisher,4.5,2.25,2,600,510,3,Solitary,Carnivorous
Mustelidae,Marteszibellina,Sable,1.3,0.9,1.44,480,405,3,Solitary,Omnivorous
Mustelidae,Melesanakuma,Japanese badger,7.7,5.4,1.43,648,585,,Variable Groups,Omnivorous
Mustelidae,Melesleucurus,Asian badger,7.1,6.3,1.13,618,570,,Variable Groups,Omnivorous
Mustelidae,Melesmeles,European badger,9.2,8.4,1.1,707.7,682.8,3,Variable Groups,Omnivorous
Mustelidae,Mellivoracapensis,Honey badger,9.4,6.2,1.52,686,637,2.5,Solitary,Omnivorous
Mustelidae,Mustelaaltaica,Mountain weasel,0.236,0.129,1.83,256,233,4,Solitary,Carnivorous
Mustelidae,Mustelaerminea,Ermine (stoat),0.32,0.185,1.73,285,244,4.5,Solitary,Carnivorous
Mustelidae,Mustelaeversmannii,Steppe polecat,2.05,1.35,1.52,562,520,6.9,Solitary,Carnivorous
Mustelidae,Mustelafrenata,Longtailed weasel,0.225,0.112,2.01,247,227,4.5,Solitary,Carnivorous
Mustelidae,Mustelaitatsi,Japanese weasel,0.49,0.16,3.11,329,241,,A,A
Mustelidae,Mustelalutreola,European mink,0.92,0.61,1.53,399,358,4.5,Solitary,Carnivorous
Mustelidae,Mustelanigripes,Blackfooted ferret,1.03,0.7,1.47,430,400,3.5,Solitary,Carnivorous
Mustelidae,Mustelanivalis,Least weasel,0.09,0.05,1.8,197,167,5.8,Solitary,Carnivorous
Mustelidae,Mustelaputorius,European polecat,1.23,0.71,1.73,400,348,6,Solitary,Carnivorous
Mustelidae,Mustelasiberica,Siberian weasel,0.73,0.38,1.94,347,284,5,Solitary,Carnivorous
Mustelidae,Mustelasubpalmata,Eygptian weasel,0.39,0.21,1.87,289,242,,A,A
Mustelidae,Neovisonvison,American mink,1.16,0.63,1.84,417,356,5,Solitary,Carnivorous
Mustelidae,Poecilogalealbinucha,African striped weasel,0.32,0.23,1.39,306,294,2,Solitary,Carnivorous
Mustelidae,Pteronurabrasiliensis,Giant otter,27.5,24.5,1.12,1600,1600,2,Groups,Piscivorous
Mustelidae,Taxideataxus,American badger,8.2,6.6,1.24,599,578,4,Solitary,Carnivorous
Mustelidae,Vormelaperegusna,Marbled polecat,0.5,0.38,1.33,317,305,6,Solitary,Carnivorous
Procyonidea,Bassaricyongabbii,Northern olingo,1.05,1.1,0.95,367,355,1,Solitary,Frugivorous/Herbivorous
Procyonidea,Bassariscusastutus,Ringtail,1.03,0.87,1.18,394,378,3,Solitary,Omnivorous
Procyonidea,Nasuanarica,Whitenosed coati,5.3,3.95,1.34,608,570,3.5,Groups,Omnivorous
Procyonidea,Nasuanasua,South American coati,4.45,3.58,1.24,586,528,3.5,Variable Groups,Omnivorous
Procyonidea,Potosflavus,kinkajou,4.4,2.6,1.69,610,470,1.5,A,Omnivorous
Procyonidea,Procyonlotor,Common Raccoon,6.76,5.94,1.14,647,643,3.8,Variable Groups,Omnivorous
Procyonidea,Procyonpygmaeus,Pygmy racoon,3.7,3.22,1.15,534,497,,Solitary,Omnivorous